1,"Test Name 2",1
2,"Test Name 2",1
3,"Test Name 2",1
4,"Test Name 2",1
5,"Test Name 2",1
6,"Test Name 2",1
7,"Test Name 2",1
8,"Test Name 2",1
9,"Test Name 2",1
10,"Test Name 2",1
11,"Test Name 2",1
12,"Test Name 2",1
13,"Test Name 2",1
14,"Test Name 2",1
15,"Test Name 2",1
16,"Test Name 2",1
17,"Test Name 2",1
18,"Test Name 2",1
19,"Test Name 2",1
20,"Test Name 2",1
21,"Test Name 2",1
22,"Test Name 2",1
23,"Test Name 2",1
24,"Test Name 2",1
25,"Test Name 2",1
26,"Test Name 2",1
27,"Test Name 2",1
28,"Test Name 2",1
29,"Test Name 2",1
30,"Test Name 2",1
31,"Test Name 2",1
32,"Test Name 2",1
33,"Test Name 2",1
34,"Test Name 2",1
35,"Test Name 2",1
36,"Test Name 2",1
37,"Test Name 2",1
38,"Test Name 2",1
39,"Test Name 2",1
40,"Test Name 2",1
41,"Test Name 2",1
42,"Test Name 2",1
43,"Test Name 2",1
44,"Test Name 2",1
45,"Test Name 2",1
46,"Test Name 2",1
47,"New Name",1
48,"Test Name 2",1
49,"New Name",1
50,"Test Name 2",1
51,"New Name",1
52,"Test Name 2",1
53,"New Name",1
54,"Test Name 2",1
55,"New Name",1
56,"Test Name 2",1
57,"New Name",1
58,"Test Name 2",1
59,"New Name",1
60,"Test Name 2",1
61,"New Name",1
62,"Test Name 2",1
63,"New Name",1
64,"Test Name 2",1
65,"New Name",1
66,"Test Name 2",1
67,"New Name",1
68,"Test Name 2",1
69,"Test Name 2",1
